{
  "timestamp": "2025-12-10T10:03:35.104647",
  "duration_seconds": 23.428133,
  "n_episodes": 10,
  "use_best_models": false,
  "results": {
    "PPO": {
      "status": "success",
      "model_path": "models\\ppo_20251209_223634\\final_model",
      "model_type": "final",
      "n_episodes": 10,
      "rewards": [
        295.39345318197246,
        294.7714077347774,
        294.8932644389711,
        295.019403432863,
        9.227977547289186,
        66.27040885664883,
        294.216536008184,
        297.78329749691613,
        293.7468641691211,
        294.62792656516456
      ],
      "mean": 243.5950539431908,
      "std": 103.71522456607818,
      "min": 9.227977547289186,
      "max": 297.78329749691613
    },
    "SAC": {
      "status": "success",
      "model_path": "models\\sac_20251209_223638\\final_model",
      "model_type": "final",
      "n_episodes": 10,
      "rewards": [
        -34.7163077736953,
        -49.922897022695416,
        -49.41524551486944,
        -47.02117691216013,
        -46.30155161006262,
        -34.48464361687935,
        -35.54078594784995,
        -50.68500177411442,
        -46.78811339949321,
        -52.56991196031486
      ],
      "mean": -44.74456355321347,
      "std": 6.689394299298799,
      "min": -52.56991196031486,
      "max": -34.48464361687935
    },
    "TD3": {
      "status": "success",
      "model_path": "models\\td3_20251209_223718\\final_model",
      "model_type": "final",
      "n_episodes": 10,
      "rewards": [
        270.1048114672519,
        279.13873362404377,
        276.60192644871967,
        276.2341019278488,
        279.36615159273634,
        278.90651788790046,
        279.78061916261515,
        275.6846003976556,
        278.87853461572945,
        277.6008456294978
      ],
      "mean": 277.2296842753998,
      "std": 2.737166980534328,
      "min": 270.1048114672519,
      "max": 279.78061916261515
    }
  }
}