{
  "timestamp": "2025-12-10T10:04:57.686255",
  "duration_seconds": 24.219562,
  "n_episodes": 10,
  "use_best_models": true,
  "results": {
    "PPO": {
      "status": "success",
      "model_path": "models\\ppo_20251209_223634\\best\\best_model",
      "model_type": "best",
      "n_episodes": 10,
      "rewards": [
        297.0435571169058,
        296.6105221989105,
        295.6204890303941,
        293.4972685929562,
        295.3370066648451,
        296.09575948334634,
        295.8967486421683,
        295.42882752120056,
        293.1670030634697,
        300.0436584332059
      ],
      "mean": 295.8740840747402,
      "std": 1.8131069392755566,
      "min": 293.1670030634697,
      "max": 300.0436584332059
    },
    "SAC": {
      "status": "success",
      "model_path": "models\\sac_20251209_223638\\best\\best_model",
      "model_type": "best",
      "n_episodes": 10,
      "rewards": [
        -9.9248649573034,
        -7.408829684522619,
        -13.398668487738638,
        -7.025073743059653,
        -16.859118226834294,
        -5.854390177778226,
        -7.623096002675546,
        -7.1496465985887925,
        -16.335300079924384,
        -5.755116307546913
      ],
      "mean": -9.733410426597246,
      "std": 4.032035193722047,
      "min": -16.859118226834294,
      "max": -5.755116307546913
    },
    "TD3": {
      "status": "success",
      "model_path": "models\\td3_20251209_223718\\best\\best_model",
      "model_type": "best",
      "n_episodes": 10,
      "rewards": [
        278.079609921,
        278.91201648152236,
        277.63756165526837,
        276.1106139440368,
        278.61688122376506,
        275.5350011341803,
        278.1479136391984,
        277.2916224041816,
        75.4550676670699,
        279.1520614078762
      ],
      "mean": 257.4938349478099,
      "std": 60.68959424802745,
      "min": 75.4550676670699,
      "max": 279.1520614078762
    }
  }
}